{"cameraMode":{"drawMode":0,"name":"Shaded","section":"Shading Mode"},"sceneLighting":true,"audioPlay":false,"sceneViewState":{"m_AlwaysRefresh":false,"showFog":true,"showSkybox":true,"showFlares":true,"showImageEffects":true,"showParticleSystems":true,"showVisualEffectGraphs":true,"m_FxEnabled":true},"in2DMode":false,"pivot":{"x":-18.29328155517578,"y":-23.776988983154298,"z":63.97413635253906},"rotation":{"x":-0.22119560837745667,"y":0.12742537260055543,"z":-0.029152056202292444,"w":-0.9664493203163147},"size":46.45945358276367,"orthographic":false}